Month,Adana,Adıyaman,Afyonkarahisar,Aksaray,Amasya,Ankara,Antalya,Ardahan,Artvin,Aydın,Ağrı,Balıkesir,Bartın ,Batman,Bayburt,Bilecik,Bingöl,Bitlis,Bolu,Burdur,Bursa,Denizli,Diyarbakır,Düzce,Edirne,Elazığ,Erzincan,Erzurum,Eskişehir,Gaziantep,Giresun,Gümüşhane,Hakkari,Hatay,Isparta,Iğdır,Kahramanmaraş,Karabük,Karaman,Kars,Kastamonu,Kayseri,Kilis ,Kocaeli,Konya,Kütahya,Kırklareli,Kırıkkale,Kırşehir,Malatya,Manisa,Mardin,Mersin,Muğla,Muş,Nevşehir,Niğde,Ordu,Osmaniye,Rize,Sakarya,Samsun,Siirt,Sinop,Sivas,Tekirdağ,Tokat,Trabzon,Tunceli,Uşak,Van,Yalova,Yozgat,Zonguldak,Çanakkale,Çankırı,Çorum,İstanbul,İzmir,Şanlıurfa,Şırnak
2009-01-01,3886,1362,1089,629,421,6328,3450,223,189,1446,1368,1358,181,1478,100,245,478,954,293,311,3752,1370,3972,442,353,943,303,1627,765,4218,469,187,712,3093,735,406,2288,232,374,586,395,2083,300,2270,3736,659,316,387,288,1357,2135,2061,3089,1210,1029,430,637,881,1060,415,1119,1577,908,248,1011,983,849,1036,125,434,2463,271,749,807,545,253,654,18682,5052,5901,1386
2009-02-01,2847,978,954,541,320,4955,2410,133,145,997,998,964,188,1009,96,204,335,646,271,240,2894,1016,2761,413,309,729,190,1074,658,3056,435,119,455,2306,433,295,1701,196,304,423,302,1620,190,1980,2580,520,251,262,179,901,1520,1500,2056,807,810,375,449,762,686,333,996,1326,601,190,692,804,683,792,61,366,1978,194,628,621,382,188,573,15617,3948,3759,934
2009-03-01,2832,958,981,616,375,5502,2493,161,150,1049,1083,1118,210,1063,116,212,371,658,272,299,3069,1063,2866,406,313,709,242,1230,741,3273,475,190,456,2304,454,289,1769,259,341,482,377,1714,270,2079,2872,662,286,324,248,1007,1484,1510,2099,911,846,418,546,844,788,367,1134,1518,605,204,826,887,800,973,60,379,2106,234,687,767,445,206,614,17000,4067,3882,923
2009-04-01,2545,1066,1067,601,379,6039,2299,199,178,1056,1362,1071,206,1139,103,217,425,784,296,274,3332,1110,2950,399,350,763,227,1407,824,3553,436,187,542,2250,512,322,1930,218,371,586,379,2005,228,2135,3076,613,291,344,266,1039,1500,1561,1937,853,1059,420,570,904,727,353,1132,1564,792,233,962,971,795,887,83,365,2466,233,762,754,445,196,685,16824,3935,4354,1159
2009-05-01,2534,1091,1053,695,381,6076,2306,156,164,1067,1340,1069,201,1042,149,228,467,791,281,268,3371,993,2924,416,383,799,250,1437,815,3475,412,196,518,2297,518,331,1866,217,385,617,433,2049,234,2140,3035,639,273,345,280,1048,1424,1528,1812,887,1131,384,603,877,658,379,1118,1497,786,219,981,967,830,840,79,409,2572,268,798,738,437,227,651,17268,4215,4071,1074
2009-06-01,2878,1150,989,717,396,6189,2366,152,166,1052,1458,1012,208,1131,126,226,554,809,320,265,3351,1087,3410,386,338,856,277,1450,775,3635,428,174,561,2394,486,331,2105,245,357,622,416,2048,235,2154,3086,657,295,335,293,1153,1544,1600,2048,883,1077,402,623,940,770,402,1094,1644,729,227,963,948,806,922,88,363,2798,228,792,789,467,236,712,17835,4258,4364,1191
2009-07-01,3589,1267,1088,717,422,6646,2849,164,211,1155,1486,1181,235,1234,123,257,495,915,327,274,3599,1270,3476,457,415,909,283,1453,861,4085,490,193,574,2674,551,399,2066,266,356,654,395,2105,253,2448,3423,669,332,393,295,1179,1768,1729,2606,975,1092,449,636,985,815,364,1186,1569,801,224,965,1113,830,950,82,410,2778,230,776,818,457,255,705,19607,4820,4799,1208
2009-08-01,3745,1222,1015,739,373,6336,2740,172,198,1193,1655,1165,204,1215,143,231,578,936,299,241,3613,1160,3714,458,371,835,298,1479,794,4014,468,192,561,2905,485,414,2202,276,325,689,399,1992,259,2354,3180,642,312,365,279,1152,1708,1857,2550,892,1204,432,587,953,893,419,1245,1657,795,234,989,967,888,1029,83,392,2945,259,770,795,475,241,811,18908,4548,4897,1219
2009-09-01,3669,1258,1087,694,345,6026,2803,165,167,1216,1782,1157,242,1176,117,217,586,857,315,263,3321,1144,3689,484,357,819,278,1525,742,3939,440,198,560,2990,475,424,2201,242,341,753,393,1836,263,2344,3126,663,289,342,269,1146,1681,1813,2648,1002,1159,397,613,934,947,466,1150,1789,812,245,921,979,876,1044,90,373,3011,246,763,776,446,220,800,18845,4645,5046,1352
2009-10-01,3457,1160,940,650,361,5338,2659,146,185,1055,1441,971,185,1130,112,205,434,771,288,245,3200,1089,3290,427,331,804,251,1356,709,3632,418,160,521,2625,449,409,1883,198,334,617,342,1771,228,2117,2734,584,259,283,226,1059,1572,1670,2434,941,1042,381,489,827,884,348,1161,1545,753,231,851,881,760,1015,79,367,2594,236,649,727,421,208,637,17680,4182,4648,1155
2009-11-01,3067,1047,757,506,288,4796,2343,122,171,974,1531,822,177,1079,96,183,464,705,239,215,2981,989,3390,337,299,748,212,1255,630,3196,380,126,461,2312,368,399,1673,174,286,610,318,1623,204,1952,2586,488,246,274,200,953,1320,1721,2172,783,853,326,482,781,770,377,986,1436,756,183,790,828,681,884,65,310,2443,215,657,621,352,163,620,15955,3642,4589,1142
2009-12-01,2650,856,807,511,290,4111,1929,114,133,711,1271,647,197,990,80,181,396,569,252,181,2475,875,2956,433,291,576,212,860,516,2868,410,146,349,2196,288,394,1559,190,232,507,324,1330,151,1903,1952,392,233,223,177,737,1073,1455,1668,599,749,293,425,776,624,303,1009,1483,631,214,596,827,603,817,55,297,2188,203,560,626,345,139,510,16220,3526,4110,1119
2010-01-01,3873,1352,929,604,368,6170,3266,179,184,1342,1720,1308,196,1445,104,206,458,837,261,326,3663,1213,4158,409,366,902,317,1610,800,4040,453,171,658,2788,657,454,2130,198,339,628,375,2023,318,2189,3576,728,287,354,262,1307,2003,2112,2877,1170,1167,413,598,867,1028,401,1076,1474,1055,210,894,963,831,937,77,419,2842,241,689,719,490,260,622,18426,4721,5914,1447
2010-02-01,2893,974,848,576,298,4943,2417,153,165,969,1239,1008,189,1067,100,177,379,667,255,234,2846,1002,3033,424,312,694,207,1188,627,3178,416,140,472,2205,458,357,1701,203,277,546,309,1607,261,1947,2593,532,255,284,215,951,1520,1571,2139,855,928,330,416,783,765,337,976,1330,711,177,775,804,672,758,63,338,2213,182,596,639,399,165,587,15812,3778,4516,1097
2010-03-01,2930,1157,989,667,340,5698,2479,150,157,1086,1365,1083,206,1159,101,233,460,772,253,225,3214,965,3264,404,337,741,257,1312,779,3499,407,124,527,2522,434,351,1906,230,266,580,371,1787,213,2103,2925,649,321,299,245,1036,1491,1586,2206,918,989,392,507,883,805,377,1209,1449,764,209,823,900,807,851,78,412,2309,208,611,706,416,197,640,17572,3978,4556,1156
2010-04-01,2420,1010,1048,660,385,5745,2288,148,171,1023,1330,1041,210,1107,106,213,453,765,287,236,3094,947,2982,355,299,755,263,1267,695,3292,439,170,534,2314,402,358,1917,224,280,590,364,1763,221,2050,2958,658,285,304,242,1065,1404,1561,1996,871,1003,360,530,787,673,338,1067,1443,697,196,916,918,773,861,92,419,2373,199,645,671,425,212,624,16740,3735,4136,1079
2010-05-01,2613,1064,972,677,357,6225,2313,158,145,1017,1441,1067,213,1099,122,182,450,791,318,276,3393,968,3121,355,303,812,284,1365,698,3594,398,170,534,2349,465,325,2059,199,284,590,384,1879,256,2088,2995,652,303,320,283,1082,1382,1540,2023,926,1074,378,555,822,637,311,1048,1462,641,209,920,939,756,893,81,408,2507,206,728,718,413,213,659,17780,4077,4298,1064
2010-06-01,2909,1203,984,645,366,6343,2537,142,178,1131,1485,1134,219,1151,131,235,480,755,328,279,3473,1157,3413,446,355,837,257,1423,822,3723,461,169,538,2558,477,325,2126,227,321,659,410,1923,257,2377,3129,630,297,338,266,1060,1477,1693,2289,946,943,390,570,923,821,393,1085,1563,723,265,875,988,777,910,63,408,2515,216,755,753,436,220,709,18535,4531,4495,1085
2010-07-01,3413,1222,985,669,411,6315,2749,120,182,1132,1590,1209,232,1194,131,252,546,826,303,285,3675,1176,3408,423,393,865,267,1440,808,3846,443,154,539,2777,509,404,1988,242,334,647,381,1937,275,2307,3216,647,321,376,280,1152,1624,1704,2563,963,1127,367,556,884,829,394,1140,1620,751,204,1009,1033,821,1013,93,374,2681,262,662,776,459,210,676,19466,4698,4487,1197
2010-08-01,3526,1230,1065,651,337,6004,2702,165,167,1214,1638,1117,205,1245,115,240,538,867,291,272,3497,1096,3533,478,360,832,256,1457,784,3983,448,171,514,2758,475,406,2145,227,328,687,376,1963,250,2349,3183,649,276,315,248,1082,1761,1705,2364,938,1117,386,553,949,947,430,1123,1660,755,237,930,1002,809,936,72,370,2817,253,675,745,451,227,662,19023,4587,4821,1062
2010-09-01,3541,1219,991,587,365,6007,2808,164,171,1101,1501,1068,194,1166,94,234,456,806,309,285,3402,1160,3524,474,339,786,251,1414,759,3735,464,156,494,2737,431,417,1934,231,355,705,382,1909,251,2208,2899,569,262,303,257,1097,1669,1755,2566,891,994,376,536,855,898,382,1140,1584,731,206,845,994,767,1032,69,376,2603,232,656,751,424,213,628,18731,4527,4790,1131
2010-10-01,3259,1127,910,548,346,5467,2577,137,166,1037,1471,1039,183,1130,110,193,482,712,263,254,3261,1059,3152,429,334,759,254,1310,701,3466,486,146,478,2513,411,426,1775,206,309,645,353,1755,212,2181,2752,559,288,288,251,983,1616,1643,2332,884,968,336,510,847,825,381,1100,1479,706,213,850,960,772,948,69,327,2616,239,623,660,394,205,650,18115,4242,4732,1032
2010-11-01,3170,1088,898,577,305,5214,2596,150,167,990,1475,965,189,1159,82,214,483,818,263,191,3059,987,3425,396,289,725,226,1311,726,3423,376,145,444,2343,399,387,1811,189,318,569,348,1684,232,2090,2735,571,264,272,179,946,1484,1743,2244,829,985,351,511,764,857,330,1075,1478,769,175,786,889,676,925,69,343,2657,200,582,602,403,173,640,17385,3949,4769,1104
2010-12-01,2672,886,804,526,319,4140,1942,100,153,761,1319,676,173,981,114,165,424,645,247,167,2652,845,3194,386,292,545,195,882,558,2879,388,115,350,2017,270,346,1462,181,215,513,297,1457,165,1975,2063,433,224,219,165,714,1029,1626,1692,593,904,323,403,693,601,286,996,1356,615,211,559,836,592,775,48,293,2169,162,526,579,271,167,539,16236,3480,4493,1179
2011-01-01,3654,1361,967,650,372,6628,3396,130,180,1277,1509,1317,178,1436,75,235,418,857,294,296,3606,1200,4148,440,372,960,292,1588,784,3941,463,174,562,2855,620,449,2157,206,380,602,347,1987,326,2124,3541,691,286,326,256,1309,2022,1872,2893,1165,1028,382,573,876,919,373,1008,1531,952,193,893,1018,761,951,83,455,2690,244,652,677,502,233,629,18553,4785,5903,1509
2011-02-01,2792,969,836,501,336,5053,2385,134,138,921,1147,942,192,1034,96,199,330,663,294,238,2833,980,3058,367,313,646,231,1097,638,3218,378,144,447,2100,397,309,1684,201,263,466,321,1593,181,1903,2519,489,245,270,196,947,1374,1450,2065,818,829,314,437,667,697,314,1019,1254,691,197,698,858,623,783,64,328,2053,200,526,598,417,162,516,15891,3733,4271,1003
2011-03-01,2811,1096,917,609,326,5633,2487,165,135,1003,1342,1073,184,1053,99,204,423,727,300,242,3017,1018,3273,412,337,756,278,1322,736,3378,393,129,555,2324,448,330,1844,213,297,596,361,1795,212,2117,2954,602,262,311,234,988,1522,1654,2068,858,940,356,459,750,752,346,1056,1394,719,200,834,957,709,883,72,368,2357,214,623,656,454,185,584,17036,4055,4522,1088
2011-04-01,2449,1018,882,599,342,5553,2228,161,133,936,1280,983,156,1077,113,182,440,710,290,235,3025,928,2900,353,309,701,240,1303,772,3218,351,154,537,2225,414,331,1767,226,295,576,335,1786,195,1889,2933,548,256,272,248,998,1319,1478,1893,827,951,369,490,723,594,300,916,1304,682,198,871,866,658,775,69,351,2303,196,636,606,437,206,568,15717,3801,4377,1015
2011-05-01,2162,1075,952,607,309,5711,2015,166,127,822,1408,909,149,1045,104,201,485,759,291,200,2714,953,3068,359,290,806,272,1396,693,3406,357,166,524,2047,441,322,1796,207,319,556,360,1889,207,1789,2808,534,248,246,236,960,1271,1526,1680,756,1001,341,481,728,566,325,931,1273,658,206,833,835,674,749,73,328,2647,173,632,573,380,177,595,15220,3762,4166,1105
2011-06-01,2655,1120,949,577,373,6157,2434,152,182,1088,1416,1051,236,1153,125,211,457,741,299,219,3286,1104,3163,425,399,806,268,1404,772,3485,410,175,534,2172,486,366,1847,205,304,506,346,1964,234,2213,3013,574,290,269,266,1105,1551,1546,1956,895,1024,393,544,770,654,382,1009,1337,731,223,887,1051,714,872,77,388,2569,232,654,670,458,216,665,17934,4259,4296,1143
2011-07-01,3267,1248,1056,705,350,6559,2820,162,181,1185,1450,1207,216,1149,108,217,517,807,337,283,3771,1204,3432,433,370,894,302,1351,818,4166,425,169,578,2751,468,358,2054,238,317,604,341,2063,234,2421,3230,616,321,330,242,1083,1740,1622,2349,959,1010,386,534,854,784,392,1179,1574,708,239,906,1111,769,922,80,402,2620,256,607,761,435,212,670,20388,4816,4592,1105
2011-08-01,3800,1322,968,710,398,6298,3048,146,208,1267,1739,1242,213,1204,131,244,595,914,330,280,3860,1187,3829,481,380,835,278,1568,867,4352,490,152,586,3048,505,490,2280,246,346,686,413,2037,283,2449,3424,642,321,304,246,1146,1812,1804,2664,1042,1134,373,598,1026,971,445,1181,1779,830,252,983,1196,814,1005,94,363,3004,239,744,761,473,201,763,20531,4982,5039,1261
2011-09-01,3613,1191,1012,644,371,6035,2828,171,187,1129,1584,1141,207,1256,88,209,511,772,277,252,3416,1106,3659,464,355,767,270,1530,724,3843,399,166,590,2863,434,434,2035,226,297,663,362,1941,252,2429,3013,561,277,291,261,1072,1672,1862,2551,970,1036,403,527,846,854,399,1137,1591,731,198,875,1048,723,1034,91,373,2479,260,648,669,495,227,662,19571,4696,4940,1213
2011-10-01,3540,1103,858,598,313,5648,2611,115,168,1108,1476,1042,189,1164,106,207,529,685,301,244,3268,1115,3427,428,362,777,271,1296,724,3625,403,131,481,2520,396,417,1749,193,302,572,317,1790,233,2331,2851,546,256,290,254,973,1599,1720,2358,885,1016,330,479,773,798,337,1184,1510,666,186,754,983,668,891,75,363,2217,178,568,601,423,184,588,18251,4323,4861,976
2011-11-01,3312,1083,860,540,290,5487,2655,119,153,1035,1473,947,176,1196,85,201,451,718,258,231,3198,1063,3647,396,340,701,246,1309,747,3484,410,149,495,2368,403,369,1802,195,274,619,352,1700,218,2114,2752,582,268,266,208,974,1489,1748,2369,859,932,314,440,766,772,354,1135,1448,738,180,747,933,648,847,81,365,2461,202,522,606,382,193,561,17484,4121,5244,1110
2011-12-01,2831,818,903,522,261,4500,2050,130,145,861,1234,841,179,1002,82,169,396,639,250,194,2794,893,3276,441,285,566,231,923,536,3157,357,112,383,2126,256,365,1587,198,232,506,304,1572,173,1991,2100,459,229,186,178,635,1088,1607,1929,627,795,319,423,720,655,322,1017,1249,638,164,580,907,586,742,42,279,2126,170,486,603,373,160,517,16865,3630,4955,1073
2012-01-01,3642,1270,931,609,360,6755,3354,160,171,1341,1399,1304,191,1439,96,276,457,795,285,283,3626,1280,4044,375,386,884,304,1670,879,4373,435,147,613,2911,569,434,2032,197,352,617,327,1889,283,2279,3546,675,339,334,287,1249,2001,2011,2951,1101,994,392,589,789,997,347,1143,1511,857,171,885,1052,698,895,93,380,2504,276,591,711,508,228,601,19312,5074,6047,1393
2012-02-01,3080,1066,892,508,282,5311,2603,154,141,1110,1284,1067,176,1108,99,194,415,721,268,232,3151,1016,3369,381,336,707,234,1172,678,3497,377,139,522,2401,404,336,1781,195,281,487,317,1690,223,2133,2812,537,255,231,212,892,1491,1648,2201,848,956,303,463,709,760,329,1020,1379,663,199,678,904,582,779,60,382,2183,238,513,633,391,164,599,17496,3937,4835,1146
2012-03-01,2975,1144,994,618,345,5845,2574,141,153,1122,1359,1098,180,1191,95,234,454,724,302,240,3308,1104,3446,444,328,693,294,1287,772,3686,409,165,529,2488,457,354,1810,197,324,578,378,1849,253,2281,2855,582,275,271,225,1040,1555,1656,2145,959,1052,340,471,814,742,319,1097,1437,765,204,846,961,660,851,83,392,2331,217,573,676,490,163,628,18295,4301,4822,1184
2012-04-01,2487,1074,913,563,369,5752,2271,122,150,997,1309,970,189,1065,137,236,463,755,273,223,3241,983,3044,383,318,777,249,1407,788,3417,365,148,518,2215,404,303,1749,200,287,609,356,1788,234,2067,2960,596,260,239,211,1006,1404,1617,1899,842,952,353,456,747,585,315,1012,1364,717,201,804,949,624,772,80,368,2354,192,578,556,420,195,597,16865,4107,4496,1019
2012-05-01,2631,1132,991,663,348,6118,2463,156,171,1055,1517,1056,185,1138,119,241,482,777,295,263,3433,1079,3284,429,350,776,257,1404,833,3610,366,165,540,2306,474,324,1835,182,346,589,360,1963,242,2164,3017,655,306,276,260,998,1582,1694,1982,873,1067,386,554,774,697,328,1054,1516,740,203,934,1050,644,830,89,379,2648,223,637,658,448,185,669,18432,4421,4357,1129
2012-06-01,2912,1097,1001,599,351,6210,2756,155,175,1135,1504,1113,179,1154,115,221,484,772,300,282,3745,1204,3331,406,397,781,286,1412,803,3988,444,179,566,2365,484,354,1891,215,326,558,376,1991,229,2384,3185,630,303,276,268,1088,1612,1685,2186,965,1022,390,502,777,744,381,1185,1402,697,235,896,1097,730,857,74,424,2477,218,612,654,478,216,616,19376,4812,4612,1144
2012-07-01,3494,1263,1054,668,380,6723,2992,162,228,1244,1529,1158,197,1173,111,262,553,862,293,262,3918,1210,3670,455,377,823,291,1411,862,4154,432,166,524,2826,522,406,2232,214,337,668,373,2195,254,2496,3315,617,346,355,278,1124,1740,1816,2567,1014,1165,403,567,906,859,383,1281,1584,770,245,879,1132,822,945,90,418,2608,245,643,727,524,226,694,20780,5039,4980,1138
2012-08-01,3871,1271,1037,652,375,6874,3265,147,218,1288,1678,1256,177,1220,132,254,530,847,335,295,3868,1187,4067,483,392,905,308,1560,879,4410,467,151,595,3066,475,462,2121,240,339,653,401,2168,296,2655,3391,685,331,323,265,1166,1837,1948,2756,1085,1119,386,563,909,914,430,1274,1646,776,237,917,1267,781,1025,82,378,2728,242,671,717,494,217,727,21671,5179,5371,1256
2012-09-01,3528,1094,886,601,350,5936,2776,141,178,1208,1458,1105,179,1183,92,206,476,774,301,234,3526,1073,3619,431,361,745,265,1350,736,3943,401,140,519,2678,445,411,1972,212,298,562,353,1913,252,2344,3005,521,295,293,233,1056,1557,1820,2619,941,940,349,489,873,818,366,1148,1569,728,198,838,1042,698,898,78,390,2402,249,565,657,430,189,639,19550,4553,4906,1181
2012-10-01,3521,1149,859,549,320,5908,2766,140,169,1074,1581,1012,150,1249,93,189,464,701,278,212,3402,1049,3672,401,365,710,249,1308,756,3841,404,152,476,2595,446,422,1827,200,301,606,344,1770,211,2246,2938,531,299,257,248,988,1586,1824,2506,995,899,366,487,801,856,380,1085,1465,715,202,763,958,636,880,74,375,2514,246,594,646,447,179,652,19059,4456,5137,1146
2012-11-01,3181,1026,832,521,310,5484,2770,103,173,1093,1346,977,139,1171,107,193,435,711,252,190,3268,991,3429,382,362,730,210,1150,698,3610,370,139,400,2446,399,354,1731,191,265,571,353,1752,201,2227,2712,513,242,223,206,899,1408,1615,2285,866,928,345,471,778,797,343,1073,1409,710,209,717,992,623,869,57,341,2325,211,519,547,391,167,549,18373,4273,5044,1140
2012-12-01,2859,829,811,494,259,4680,2428,109,135,877,1159,822,143,989,91,163,352,576,225,173,2883,855,3142,386,299,572,185,914,622,3111,326,113,336,2199,300,355,1510,182,237,491,284,1410,166,2058,2254,409,239,182,174,711,1201,1612,2042,687,751,295,467,640,623,294,1048,1287,588,170,583,994,561,779,58,344,2143,185,461,527,399,167,518,17385,3819,4630,1143
2013-01-01,3714,1298,923,566,350,6571,3394,159,181,1380,1311,1316,183,1342,102,248,432,798,316,288,3685,1300,3730,453,328,867,295,1529,843,4193,425,182,591,2830,522,431,2044,234,336,539,331,2018,280,2301,3540,598,296,313,283,1221,1934,2010,2803,1124,959,370,477,791,973,413,1184,1431,780,189,874,1130,733,917,84,421,2556,258,524,632,501,222,637,19949,4940,5774,1373
2013-02-01,2834,931,793,549,310,5229,2501,134,146,959,1137,952,178,1127,92,210,370,647,239,218,2922,961,3166,409,303,634,231,1121,712,3458,346,129,469,2168,437,351,1639,199,290,463,273,1573,219,1955,2664,479,237,245,220,851,1445,1510,2076,780,811,279,459,747,706,334,968,1242,571,180,668,946,568,738,56,383,2127,200,482,553,422,187,506,16917,3834,4343,1085
2013-03-01,2942,1039,980,627,321,5801,2496,132,159,1062,1364,1067,170,1108,110,225,437,730,263,233,3304,962,3307,373,353,678,249,1303,730,3747,405,141,546,2379,404,351,1798,201,285,500,318,1871,222,2104,2981,516,299,258,243,958,1473,1714,2178,846,934,341,505,757,724,325,1091,1381,690,181,743,918,685,739,67,339,2578,197,554,551,418,181,542,17656,4012,4958,1141
2013-04-01,2544,992,811,535,332,5743,2330,138,158,934,1387,1022,153,1063,93,185,437,708,272,232,3045,968,3077,369,292,688,261,1317,730,3511,364,133,535,2106,411,369,1690,194,299,544,352,1776,206,2002,2827,518,246,264,208,894,1344,1595,1900,819,948,337,493,700,617,306,932,1406,628,166,777,973,619,751,74,390,2524,242,537,538,434,157,578,16403,3891,4435,1086
2013-05-01,2796,1068,995,660,360,6459,2595,148,137,1024,1510,1010,190,1130,101,226,482,809,317,279,3380,1147,3392,391,379,768,286,1320,831,3776,372,185,577,2323,455,377,1833,207,340,589,370,1977,213,2248,3094,633,280,289,274,1006,1540,1677,1963,890,1028,383,520,773,695,357,1029,1428,720,224,784,1068,690,788,99,436,2750,232,598,635,410,209,620,18363,4355,4621,1264
2013-06-01,2973,1115,975,635,318,6460,2755,127,186,1183,1340,1082,189,1111,101,235,493,791,302,262,3680,1198,3328,425,366,759,274,1289,846,3910,384,172,548,2342,449,338,1812,234,326,542,378,2030,225,2371,3113,624,306,297,247,1151,1657,1674,2285,831,1035,357,542,831,717,381,1155,1419,683,205,820,1134,666,877,78,388,2588,255,593,646,427,217,600,19444,4651,4771,1148
2013-07-01,3736,1304,1048,631,385,6875,3056,138,216,1308,1676,1271,200,1248,109,269,574,851,331,274,3944,1247,3872,477,396,903,307,1431,948,4485,426,175,618,2956,526,430,2324,225,379,565,419,2133,296,2588,3426,657,342,327,282,1154,1805,1889,2738,1065,1183,422,550,946,852,405,1246,1705,801,203,951,1203,811,1044,97,442,3170,241,654,706,498,229,663,21938,5085,5170,1288
2013-08-01,3795,1247,981,660,390,6853,3028,179,217,1229,1604,1285,166,1333,122,238,518,890,340,268,3878,1155,3835,492,382,814,233,1484,822,4467,392,175,577,2906,515,475,2048,250,372,647,396,2104,301,2640,3261,632,335,308,258,1100,1811,1910,2697,1060,1128,375,545,806,920,415,1230,1606,745,236,874,1166,734,911,98,435,3072,281,585,694,489,183,622,21746,4992,5398,1264
2013-09-01,3586,1109,874,564,354,6357,2936,130,174,1104,1439,1103,203,1220,120,254,498,728,310,259,3670,1148,3604,461,380,763,297,1385,846,3990,415,186,517,2858,452,416,1842,194,327,555,376,1799,238,2435,2970,586,273,281,236,1021,1716,1862,2528,961,956,354,482,765,864,372,1201,1547,721,186,729,1124,654,897,78,364,2565,227,536,626,473,197,649,20338,4710,5143,1245
2013-10-01,3505,1098,935,546,328,6027,2973,130,178,1114,1514,1102,187,1217,99,230,515,741,299,238,3443,1066,3646,446,348,759,268,1316,752,3998,398,134,515,2674,419,419,1988,229,348,569,340,1851,222,2298,2867,565,277,259,241,961,1695,1652,2379,961,935,347,485,875,817,353,1166,1530,715,204,813,1071,641,875,84,360,2546,211,532,614,437,166,608,19878,4597,5312,1265
2013-11-01,3306,986,813,527,300,5643,2741,108,144,1058,1271,1036,158,1201,83,195,426,675,274,223,3357,1041,3553,445,368,661,289,1215,722,3766,383,146,463,2424,426,384,2013,179,279,564,318,1732,239,2346,2863,518,310,265,219,898,1539,1491,2271,894,816,331,436,712,803,351,1092,1379,714,188,713,1016,608,874,76,345,2246,220,490,553,372,178,549,18785,4279,5155,1152
2013-12-01,2967,884,782,465,285,4958,2405,73,125,864,1104,853,182,1096,81,191,412,607,251,183,3017,945,3219,403,301,579,223,982,655,3393,386,119,411,2281,305,374,1887,174,239,442,306,1617,206,2233,2191,484,274,214,183,718,1234,1455,2143,787,825,330,405,726,686,334,1081,1341,696,180,613,1002,593,778,62,332,1988,175,440,575,404,163,535,17973,4030,4851,1104
2014-01-01,3762,1333,939,583,339,6890,3525,134,188,1250,1343,1287,200,1445,122,247,512,782,316,370,3799,1270,4021,456,332,903,306,1548,917,4572,442,172,530,2811,598,448,2022,238,300,538,302,1989,307,2577,3550,567,343,320,295,1235,2073,2148,2708,1103,994,413,499,821,944,396,1244,1468,875,209,840,1146,683,999,94,443,2504,267,577,609,484,229,587,20679,5030,5924,1429
2014-02-01,2935,1010,804,509,281,5451,2622,119,138,1014,1104,931,142,1121,90,196,386,642,239,222,2986,1046,3159,416,325,692,207,1126,698,3633,355,166,489,2202,426,343,1615,176,286,471,283,1728,204,2089,2689,521,248,250,200,878,1422,1609,2177,821,820,309,419,630,715,315,1011,1234,684,161,664,945,528,773,63,386,2130,225,484,507,390,172,556,17231,4000,4432,1126
2014-03-01,2898,1143,914,587,305,5920,2692,115,140,1083,1281,1073,178,1215,103,200,472,749,266,244,3273,1067,3472,376,297,723,269,1278,773,3909,353,151,562,2447,446,391,1824,204,303,539,334,1883,219,2339,2922,519,296,259,220,985,1484,1772,2242,838,968,335,500,731,710,322,1059,1412,690,193,814,975,625,807,71,406,2488,217,553,603,425,169,565,18859,4399,5034,1126
2014-04-01,2825,1054,965,575,305,6017,2564,151,146,977,1439,1069,216,1128,109,212,475,741,266,227,3277,1069,3359,398,303,741,293,1415,781,3769,375,161,539,2489,417,350,1806,192,304,545,329,1965,230,2271,2970,588,310,256,242,979,1457,1758,2062,808,1053,346,468,809,732,345,1089,1373,698,202,803,1075,641,725,78,352,2759,244,575,592,445,193,618,18861,4232,4857,1218
2014-05-01,2908,1040,969,637,360,6707,2761,149,189,1113,1512,1190,168,1288,115,237,547,838,304,270,3536,1140,3632,424,362,809,259,1401,844,4098,389,184,609,2579,474,388,1967,218,343,612,335,2118,254,2425,3231,631,310,309,260,1067,1565,1713,2153,889,1101,371,549,773,732,348,1129,1529,724,214,824,1089,672,866,83,390,2852,234,556,568,448,210,617,19779,4625,5019,1316
2014-06-01,3248,1216,1056,634,321,6750,2839,125,171,1196,1485,1182,192,1215,109,239,518,850,308,256,3874,1244,3549,434,346,791,266,1405,850,4341,423,184,580,2762,447,369,1985,194,336,547,357,2076,286,2582,3367,594,328,312,295,1122,1647,1802,2379,1022,1065,401,519,779,798,324,1169,1428,729,202,857,1133,719,847,92,415,2784,253,553,606,491,207,602,20807,4855,5087,1250
2014-07-01,3942,1373,1113,660,388,7365,3211,152,204,1310,1749,1290,235,1352,117,277,603,907,332,296,4005,1351,4048,505,420,883,304,1559,1012,4726,406,200,675,3193,522,445,2321,228,374,618,381,2298,334,2784,3560,648,389,329,259,1196,1853,1977,2765,1075,1186,445,637,991,937,403,1339,1813,867,228,907,1302,775,1016,115,423,3113,292,662,695,536,247,769,22818,5493,5668,1420
2014-08-01,3817,1298,1006,663,353,7182,3274,158,201,1331,1608,1248,225,1365,114,249,568,806,342,274,4049,1304,4177,472,355,912,272,1493,948,4617,421,190,645,3078,446,466,2071,231,338,552,369,2205,308,2755,3465,660,367,317,274,1189,1775,2029,2729,1038,1150,447,498,834,911,395,1343,1669,854,224,873,1294,701,930,93,422,2829,261,563,647,490,217,656,23043,5232,5755,1366
2014-09-01,3829,1196,924,574,373,6762,3104,162,183,1197,1547,1159,212,1320,108,248,527,793,344,286,3694,1325,3858,514,355,809,288,1364,904,4202,407,155,530,2872,438,405,1982,212,297,543,346,1994,253,2686,3161,648,311,275,251,1037,1827,1895,2751,1016,999,372,536,834,903,395,1222,1571,835,193,783,1211,679,890,81,372,2644,261,527,604,515,178,610,21599,5054,5463,1246
2014-10-01,3508,1068,905,616,302,6254,2922,121,194,1129,1415,1099,192,1193,91,235,470,750,310,269,3599,1099,3820,430,332,772,248,1258,788,3959,437,123,509,2795,409,397,1899,193,307,553,346,1882,255,2561,2976,579,267,250,244,1004,1618,1796,2470,946,916,342,467,718,823,393,1163,1454,757,176,766,1120,576,870,98,395,2401,294,519,545,443,193,633,20266,4638,5463,1161
2014-11-01,3277,1076,872,555,302,6001,2799,121,162,1101,1145,1041,172,1181,92,220,459,651,262,229,3424,1067,3700,391,317,723,225,1090,750,3724,354,143,424,2552,435,363,1694,184,306,462,267,1737,221,2455,2783,514,284,260,250,972,1513,1839,2471,927,878,342,479,728,812,319,1102,1268,745,187,667,1040,566,856,97,337,2149,221,535,555,410,184,531,19082,4293,5393,1251
2014-12-01,3004,874,910,478,282,5360,2495,127,154,931,1194,896,168,1085,102,180,394,639,254,183,3167,983,3464,407,322,542,182,1045,761,3757,353,128,421,2540,319,353,1704,207,227,469,282,1631,229,2355,2351,512,273,208,204,664,1338,1712,2217,812,894,351,467,738,657,320,1151,1340,636,191,634,1062,617,835,63,369,2102,231,482,592,412,159,534,19373,4055,5300,1235
2015-01-01,3772,1285,930,617,338,6924,3518,140,188,1274,1275,1284,166,1428,105,249,442,776,305,304,3775,1289,4015,448,386,848,329,1381,825,4242,424,164,503,2749,550,425,1943,211,376,508,349,1974,293,2647,3474,645,331,296,274,1203,2027,2059,2730,1112,910,350,521,788,914,388,1261,1438,822,193,846,1251,639,911,105,415,2455,276,490,615,459,190,551,21175,5169,5754,1362
2015-02-01,2970,982,898,506,294,5498,2727,121,169,1078,1103,931,154,1104,96,232,370,638,257,249,3139,1094,3327,348,316,688,209,1095,703,3653,363,140,470,2362,387,342,1689,195,278,406,305,1678,218,2201,2763,539,274,251,186,878,1484,1694,2277,872,775,318,457,680,721,307,1110,1246,644,155,641,941,520,764,63,368,2156,235,524,509,407,151,505,17910,4009,4698,1154
2015-03-01,3091,1098,908,515,333,6162,2765,151,150,1046,1295,1006,178,1051,113,216,453,745,261,235,3406,1096,3462,403,330,695,263,1260,834,3986,382,156,490,2530,438,340,1738,175,281,455,302,1837,258,2383,2823,574,307,271,228,954,1432,1764,2173,882,907,340,406,781,707,323,1167,1376,661,182,708,1073,556,785,69,337,2507,226,520,530,444,177,556,19146,4285,5055,1288
2015-04-01,2636,1057,860,554,321,6202,2546,134,164,1048,1379,984,159,1154,84,220,475,748,271,259,3311,1052,3252,402,343,719,232,1210,806,3706,360,154,488,2340,428,332,1745,185,279,546,347,1809,222,2333,2858,567,266,273,229,922,1482,1608,2026,900,891,313,486,748,730,309,1085,1401,695,187,769,1065,555,815,85,377,2654,216,526,529,396,156,524,18422,4270,4718,1201
2015-05-01,2580,1039,950,596,312,6507,2661,135,146,1072,1348,1012,134,1161,104,223,468,799,281,249,3339,1150,3308,396,367,778,247,1293,811,3865,362,164,562,2382,450,362,1748,195,339,559,321,1960,266,2325,2980,548,284,260,265,1019,1460,1748,1999,883,1027,356,465,660,621,328,1022,1289,668,175,817,1113,619,818,84,384,2558,262,513,543,451,194,520,18648,4462,4635,1250
2015-06-01,3161,1161,997,635,334,6898,2919,133,163,1190,1436,1097,205,1317,95,248,471,844,312,278,3760,1238,3669,428,374,818,284,1388,872,4355,375,174,547,2467,446,367,2018,207,366,556,351,2077,251,2629,3288,594,325,338,253,1107,1660,1720,2285,1006,1069,377,534,825,777,387,1249,1511,749,200,841,1261,644,857,109,403,2717,270,556,600,457,200,592,20941,4936,4984,1148
2015-07-01,3831,1298,1124,669,370,7676,3447,140,191,1407,1682,1322,201,1287,138,255,545,876,340,272,4395,1446,4033,506,402,859,272,1520,1006,4919,456,175,592,3061,539,439,2229,268,370,584,384,2322,288,3095,3563,684,380,335,264,1199,1939,1943,2709,1121,1155,414,602,835,908,405,1402,1798,822,240,952,1405,732,1057,101,450,3040,318,606,666,529,218,632,23789,5517,5658,1326
2015-08-01,3946,1269,1036,616,374,7098,3477,135,197,1304,1472,1171,235,1371,121,216,512,823,323,271,3991,1267,3921,482,393,824,283,1456,899,4462,410,179,520,2979,470,429,2050,216,358,557,392,2144,274,2923,3257,627,335,287,291,1085,1847,1913,2728,1028,1066,357,503,732,885,394,1321,1604,757,202,836,1265,721,967,109,432,2661,283,618,594,537,198,603,22327,5275,5583,1222
2015-09-01,3509,1176,869,607,345,6653,3206,131,159,1143,1475,1152,174,1229,109,222,461,793,259,278,3749,1141,3972,457,353,789,273,1301,871,4235,388,154,520,2917,424,428,1919,228,315,485,323,1889,243,2746,3048,600,334,291,256,1042,1652,1905,2518,1027,974,348,457,810,867,369,1209,1532,818,192,816,1318,615,915,104,406,2483,264,485,584,450,192,612,21286,4868,5413,1298
2015-10-01,3547,1102,900,533,341,6416,3121,111,168,1196,1371,1078,192,1223,94,188,487,751,285,248,3604,1100,3790,420,334,713,249,1186,859,4044,411,142,450,2684,390,411,1694,222,330,501,306,1848,268,2628,3020,526,299,254,239,978,1635,1874,2557,900,949,392,453,728,777,347,1218,1480,735,159,703,1218,588,889,98,337,2582,243,520,548,466,192,510,20977,4721,5546,1245
2015-11-01,3373,1073,897,513,296,5926,2933,97,152,1089,1185,1059,178,1171,87,203,437,687,279,235,3475,1054,3690,434,330,690,234,1213,756,3797,361,160,434,2478,403,343,1636,190,304,491,324,1787,226,2592,2953,507,298,255,259,888,1544,1802,2322,888,806,322,453,717,730,346,1154,1314,616,196,720,1106,567,868,82,330,2137,201,460,521,418,185,571,19434,4367,5458,1252
2015-12-01,3051,873,815,501,301,5408,2587,112,140,973,966,818,153,1033,89,184,365,558,260,186,3323,989,3143,395,325,575,217,962,762,3551,331,126,411,2463,307,314,1567,214,258,421,323,1740,198,2399,2445,508,282,229,186,731,1273,1647,2191,794,730,292,341,683,664,303,1044,1238,585,181,576,1123,544,807,69,315,1882,219,472,514,356,117,486,18833,4067,5243,1045
2016-01-01,3656,1220,857,550,319,6801,3390,112,172,1252,1154,1195,165,1383,89,210,420,648,278,282,3702,1221,3845,409,351,814,289,1262,835,4211,386,165,520,2634,506,347,1827,179,345,447,321,1867,266,2438,3304,554,315,261,247,1156,1816,1849,2629,1122,835,355,508,700,823,389,1180,1357,791,170,761,1185,607,876,86,412,2115,291,475,548,457,186,544,20412,4750,5545,1323
2016-02-01,2930,962,816,488,272,5767,2817,89,164,1048,1133,949,165,1031,81,209,394,604,282,242,3288,1016,3229,418,287,728,243,1050,738,3769,371,147,511,2328,390,351,1707,165,281,429,300,1663,245,2325,2775,484,285,231,216,862,1532,1596,2192,886,766,299,434,647,723,276,1151,1203,693,151,670,1066,517,748,70,324,2150,254,463,503,430,176,504,18687,4185,4957,1112
2016-03-01,3039,1077,898,511,268,5985,2855,123,145,1051,1283,1064,145,1096,87,228,456,731,277,252,3325,1073,3438,460,322,735,263,1213,774,3744,324,147,440,2466,443,328,1693,186,333,487,306,1799,237,2491,2929,535,295,270,217,981,1501,1659,2215,945,910,325,464,695,719,336,1096,1383,620,160,759,1144,571,849,80,350,2512,272,514,482,419,166,505,19068,4367,5144,1111
2016-04-01,2651,1037,898,479,263,5929,2642,124,146,1095,1350,998,145,1069,90,226,427,723,287,215,3376,1064,3267,362,333,679,242,1230,754,3779,368,142,468,2338,397,317,1730,197,288,515,330,1848,202,2390,2905,544,298,238,236,907,1421,1657,1994,825,911,324,489,700,705,289,1090,1367,687,171,774,1065,583,774,62,388,2572,227,492,514,416,167,563,18219,4055,4833,1075
2016-05-01,2543,970,961,565,292,6492,2667,137,146,1046,1242,1076,162,1200,124,216,492,795,305,245,3323,1108,3144,419,304,714,275,1313,829,3870,343,160,487,2241,458,347,1669,215,315,501,324,1933,200,2405,3081,507,308,269,230,1004,1446,1662,1979,867,934,355,512,706,656,317,1145,1375,602,193,814,1148,615,753,89,375,2361,266,464,510,437,189,540,18820,4373,4572,1033
2016-06-01,3151,1237,1031,626,339,7099,3066,133,196,1191,1611,1139,171,1301,114,255,532,928,305,269,3822,1258,3697,476,390,784,272,1456,879,4385,432,185,558,2638,473,387,2072,221,372,554,386,2095,249,2759,3266,605,328,315,280,1103,1728,1781,2286,955,1069,400,552,862,760,381,1289,1529,762,203,860,1280,668,897,94,410,2881,301,539,590,468,213,646,20974,4832,5253,1140
2016-07-01,3359,1200,1021,651,339,7057,3136,145,183,1298,1580,1224,165,1270,130,240,497,839,323,251,4119,1243,3884,513,405,814,295,1444,871,4241,379,184,563,2813,461,406,2052,233,323,556,379,2068,275,2834,3323,598,332,306,268,1065,1728,1841,2470,1005,1178,384,536,820,737,388,1279,1554,778,204,853,1359,602,983,81,399,2816,307,568,594,491,220,586,21681,4981,5462,1086
2016-08-01,3744,1265,959,682,342,7233,3338,134,184,1316,1410,1229,194,1367,115,261,533,827,335,275,4128,1245,3965,488,381,818,279,1445,951,4493,403,211,528,2903,503,465,2027,216,371,568,362,2114,291,3042,3398,597,350,326,279,1151,1894,1920,2878,1071,1039,360,545,872,878,405,1379,1568,764,212,822,1384,671,1007,98,410,2755,338,572,597,540,218,617,22713,5337,5764,1164
2016-09-01,3445,1146,920,643,348,6563,3102,107,199,1173,1351,1097,199,1220,114,213,485,797,251,240,3680,1187,3879,461,343,779,264,1271,930,4041,390,171,442,2752,441,407,1813,194,301,471,332,1897,252,2785,2986,586,299,292,271,983,1701,1680,2633,961,942,360,436,846,803,390,1219,1516,778,223,752,1250,630,888,83,344,2420,274,468,592,494,200,542,21214,4786,5573,855
2016-10-01,3201,979,802,507,320,6092,2955,97,161,1124,1332,1051,194,1152,104,223,466,646,303,268,3646,1047,3705,464,316,717,297,1156,853,3813,331,165,409,2639,409,398,1742,180,316,470,304,1763,227,2592,2921,541,248,271,205,944,1583,1612,2358,936,885,334,428,784,824,342,1222,1444,693,191,678,1217,587,898,72,341,2394,262,474,451,429,188,554,19817,4454,5516,917
2016-11-01,3295,983,807,506,310,6029,2948,86,158,1107,1106,970,188,1106,89,217,420,639,277,238,3421,1111,3538,429,317,698,260,1125,764,3644,357,158,379,2532,373,342,1688,197,323,435,302,1777,221,2646,2848,523,289,271,252,892,1509,1694,2296,946,764,342,416,756,761,338,1248,1384,660,185,729,1178,545,857,98,332,2019,259,436,527,410,147,556,19190,4414,5395,977
2016-12-01,3159,882,806,547,324,5341,2664,120,143,1001,1038,938,172,1038,74,202,393,621,269,178,3333,987,3351,418,327,559,238,938,767,3497,372,124,337,2497,337,333,1640,182,271,420,298,1688,218,2481,2493,505,239,249,213,704,1366,1666,2228,783,719,306,424,699,674,324,1206,1321,578,169,601,1187,526,888,63,324,1829,225,475,471,449,164,487,19232,4089,5476,993
2017-01-01,3579,1148,915,606,369,6707,3267,117,184,1348,1086,1211,192,1396,107,226,422,665,282,292,3730,1237,3804,451,328,803,313,1225,840,4117,421,181,437,2621,547,380,1772,217,338,478,340,1737,251,2753,3249,558,327,291,249,1182,1881,1879,2517,1075,870,370,508,742,813,368,1273,1439,767,193,803,1257,608,933,89,422,2221,329,505,534,501,204,533,20367,4839,5756,1157
2017-02-01,2908,953,817,457,241,5635,2568,105,141,1069,974,1031,144,972,73,191,352,606,271,199,3184,991,3126,389,252,628,228,1034,755,3480,304,144,349,2271,376,322,1558,204,256,396,250,1538,199,2268,2588,460,254,234,217,833,1422,1563,2080,825,801,324,401,593,685,296,1095,1151,578,168,635,1051,470,721,72,325,2037,262,449,435,381,137,476,17458,4015,4865,1057
2017-03-01,2786,1040,847,517,263,6067,2569,130,141,1067,1330,1046,122,1109,84,215,471,747,296,204,3222,1081,3550,416,330,683,223,1198,814,3532,354,142,451,2298,431,321,1785,183,287,447,293,1658,240,2345,2726,522,282,248,216,914,1329,1593,2068,915,962,345,409,741,737,334,1155,1361,656,170,722,1138,529,773,61,374,2584,236,509,451,411,144,508,17894,4073,5262,1092
2017-04-01,2364,945,840,586,303,5739,2458,114,142,968,1266,915,134,1102,86,172,437,734,259,228,3088,959,3153,415,301,667,230,1129,770,3403,330,128,472,2115,458,305,1566,202,300,515,294,1735,198,2218,2703,528,261,261,235,884,1305,1537,1809,820,900,313,434,672,560,286,986,1223,612,150,703,1106,541,736,67,342,2470,249,464,445,378,178,535,16968,3914,4784,1093
2017-05-01,2628,1062,940,629,314,6657,2595,122,167,1116,1325,1029,140,1140,96,229,500,797,308,244,3547,1127,3431,418,355,703,225,1336,837,3817,377,147,539,2209,443,356,1734,225,323,504,313,1885,248,2524,3090,542,304,283,258,1019,1548,1698,1942,882,1038,363,482,749,671,279,1208,1348,692,201,840,1155,624,813,81,378,2526,244,510,482,443,190,513,18906,4219,5014,1162
2017-06-01,3123,1182,871,609,354,6943,2872,126,178,1217,1598,1178,181,1298,117,272,496,822,309,251,3916,1219,3623,444,407,809,275,1408,918,4056,376,175,541,2644,464,366,1893,215,375,538,330,2017,261,2821,3312,559,328,323,286,1104,1644,1722,2406,937,1097,321,523,819,827,376,1218,1529,707,215,819,1325,623,948,81,407,2841,257,561,537,458,209,576,20441,4807,5419,1243
2017-07-01,3531,1315,987,593,372,7093,3018,126,197,1365,1469,1197,174,1360,109,274,557,874,307,283,4109,1293,3852,508,342,875,275,1428,878,4448,410,156,552,2895,490,388,2055,228,352,506,385,2063,251,3017,3447,616,371,331,300,1132,1717,1870,2599,1061,1116,348,556,839,821,399,1441,1565,733,228,898,1453,674,1036,91,387,2706,293,515,625,550,217,585,22404,5115,5770,1196
2017-08-01,3641,1230,1023,621,386,7010,3167,133,181,1336,1362,1199,179,1370,110,247,513,819,331,271,4057,1240,4076,511,394,846,262,1367,977,4454,426,167,548,2969,469,389,1949,239,359,538,348,2032,263,3056,3299,615,407,314,274,1100,1820,1939,2681,1004,1015,362,522,841,895,409,1405,1573,758,191,797,1448,654,986,85,405,2523,305,546,593,556,194,580,22133,5239,5616,1316
2017-09-01,3221,1101,842,558,312,6296,2834,111,159,1263,1423,1077,160,1235,96,222,460,768,296,221,3564,1110,4096,467,330,741,243,1244,905,3849,375,145,482,2490,451,383,1840,213,330,466,308,1848,239,2693,3023,590,317,270,222,940,1661,1827,2401,931,936,355,452,841,771,332,1271,1564,768,205,728,1261,624,840,70,370,2404,287,485,569,446,195,581,19742,4575,5379,1181
2017-10-01,3196,1028,875,607,306,6154,2897,121,138,1214,1306,1045,166,1217,88,208,458,708,263,210,3701,1121,3839,436,312,722,245,1150,797,3780,415,139,463,2491,410,386,1743,197,295,490,314,1692,259,2570,2861,501,287,279,232,878,1559,1784,2420,946,864,324,403,786,751,342,1240,1465,699,181,714,1267,577,831,76,385,2411,289,447,517,438,180,516,19515,4513,5752,1199
2017-11-01,3293,1010,771,526,295,5880,2780,92,133,1091,1090,976,167,1133,88,194,411,626,285,183,3419,1072,3631,412,325,659,238,1155,819,3838,343,138,412,2465,397,340,1720,187,280,424,276,1703,242,2601,2679,493,307,260,195,901,1503,1778,2273,833,755,305,392,695,772,320,1162,1365,676,191,684,1177,553,872,74,367,2158,274,460,528,449,174,517,19050,4390,5646,1111
2017-12-01,3095,1042,789,477,289,5721,2735,118,156,1050,923,994,168,1121,91,201,409,586,231,221,3270,1031,3381,406,304,640,238,980,784,3542,346,146,401,2349,416,284,1634,176,290,379,262,1611,248,2454,2415,471,266,234,221,882,1407,1755,2269,893,736,332,388,676,697,320,1164,1311,654,158,611,1191,486,810,84,336,1801,236,458,479,504,164,440,18342,4196,5484,1133
2018-01-01,3104,1065,857,535,318,6283,3031,105,162,1219,964,1081,159,1226,89,223,443,602,343,221,3611,1221,3601,457,353,690,200,1030,795,3886,389,145,435,2523,433,344,1707,204,320,443,290,1719,228,2672,3115,491,328,236,243,940,1650,1817,2529,1014,787,310,434,694,763,384,1256,1390,693,179,671,1287,582,877,79,368,1950,263,484,463,484,201,484,19477,4405,5413,1215
2018-02-01,2529,823,735,507,252,5124,2336,83,112,1018,874,905,162,991,64,185,375,535,246,191,3047,902,3031,366,303,594,191,896,667,3226,334,116,422,2072,338,287,1444,153,228,376,238,1498,207,2225,2437,434,244,222,225,847,1332,1544,1890,775,737,283,378,607,585,301,1115,1095,543,149,575,1079,486,753,66,301,1810,243,387,456,394,146,451,16565,3722,4666,1087
2018-03-01,2725,1049,828,561,308,5949,2501,126,150,1030,1235,1048,157,1046,82,220,449,717,281,219,3418,1041,3401,424,293,708,237,1059,747,3651,356,144,480,2304,411,346,1688,205,288,463,285,1720,253,2477,2733,505,334,247,241,851,1373,1634,2093,859,886,334,431,769,683,340,1146,1321,659,166,671,1187,559,814,55,342,2574,251,455,508,432,170,472,17992,4022,5096,1114
2018-04-01,2311,931,807,535,299,5755,2351,118,134,931,1034,975,145,1095,78,226,427,671,272,224,3247,988,2931,360,319,620,204,1068,794,3365,365,137,458,2047,380,278,1532,194,268,481,332,1668,203,2352,2834,506,283,244,216,875,1356,1516,1762,786,847,319,411,631,582,282,1134,1237,605,169,716,1044,513,767,74,360,2082,235,445,431,453,173,532,17084,3899,4533,1073
2018-05-01,2623,1039,914,582,316,6377,2523,118,173,1095,1274,1065,159,1195,86,234,490,816,296,256,3508,1155,3358,423,313,773,227,1221,890,3760,364,170,502,2323,445,306,1623,184,306,497,310,1828,247,2535,3022,506,328,297,265,933,1554,1611,2025,833,991,343,505,752,690,317,1221,1513,687,199,757,1252,601,808,100,385,2731,286,503,534,535,199,514,17904,4163,4928,1182
2018-06-01,2787,1094,909,624,309,6624,2787,122,146,1194,1427,1110,167,1179,104,220,515,747,275,259,3870,1170,3385,433,346,700,276,1315,863,4036,398,148,499,2473,431,367,1796,225,356,471,342,1919,255,2714,3087,557,296,345,311,998,1636,1772,2200,990,1033,354,491,761,631,360,1296,1487,697,202,741,1343,613,919,100,404,2601,296,499,504,476,205,505,19562,4517,5198,1154
2018-07-01,3313,1150,943,685,341,7068,3007,124,181,1271,1345,1195,173,1206,112,265,536,832,325,265,4105,1161,3854,509,361,781,286,1325,975,4241,393,164,583,2652,463,411,1877,227,348,472,357,1987,283,2888,3311,588,297,299,272,1090,1719,1876,2439,1021,1020,353,503,799,796,403,1361,1551,721,202,769,1425,632,1022,99,401,2496,329,516,568,511,233,586,21200,5096,5300,1278
2018-08-01,3427,1196,878,574,341,6867,3089,117,183,1349,1205,1161,197,1296,107,236,524,800,293,255,3825,1145,3932,493,384,781,297,1222,933,4198,418,169,499,2670,431,365,1835,231,356,427,368,1862,271,2935,3077,551,346,291,258,1071,1852,1880,2608,1010,937,358,440,792,836,390,1413,1678,752,197,769,1428,604,957,93,391,2531,300,493,486,536,195,599,20576,4967,5762,1305
2018-09-01,3275,1066,805,554,296,6052,2746,97,151,1143,1193,1051,167,1220,107,239,483,782,277,217,3636,1023,3756,451,338,679,239,1166,805,3853,364,109,469,2617,388,361,1745,253,281,412,367,1755,246,2606,2924,457,288,263,243,919,1530,1866,2344,907,859,333,455,698,779,356,1150,1397,681,177,658,1303,571,808,101,331,2302,289,431,483,455,195,539,18968,4394,5707,1266
2018-10-01,3235,1121,834,556,325,6189,2805,103,148,1078,1196,1100,159,1279,103,203,459,699,272,226,3482,1046,3724,451,342,740,270,1128,800,4033,363,139,397,2495,416,344,1699,198,298,416,321,1714,272,2595,2941,542,320,264,219,931,1618,1797,2294,893,848,308,402,794,779,363,1282,1412,743,205,681,1281,598,910,68,354,2408,270,409,528,455,187,519,19108,4446,5815,1225
2018-11-01,3075,1049,768,483,289,5523,2738,108,172,1056,1045,975,173,1125,99,176,430,616,262,214,3365,1002,3502,419,291,665,234,1078,790,3626,338,132,384,2432,436,317,1641,208,244,403,262,1534,244,2501,2607,481,262,269,227,868,1491,1701,2383,844,792,305,421,689,719,345,1258,1339,655,174,663,1194,570,871,88,312,1916,219,446,467,394,187,485,17809,4030,5582,1101
2018-12-01,2983,983,797,518,270,5459,2554,98,131,1041,963,943,147,1168,74,201,406,612,234,203,3275,999,3309,411,267,653,210,1060,743,3513,366,122,386,2212,386,330,1509,177,274,397,287,1573,235,2305,2509,475,256,214,201,881,1359,1631,2184,926,784,308,420,653,708,315,1148,1202,670,164,614,1148,473,737,77,312,1914,239,414,408,410,174,478,16978,3956,5468,1102
2019-01-01,3101,1061,834,589,311,6032,2847,97,142,1107,965,1042,171,1217,82,200,414,640,271,244,3513,1085,3339,463,314,680,261,1049,779,3744,322,140,441,2475,414,325,1613,199,314,383,307,1688,251,2640,2780,504,290,263,244,912,1530,1721,2190,885,800,324,448,740,795,317,1259,1368,612,193,678,1277,602,861,93,345,1924,282,456,446,425,194,498,19081,4195,5363,1248
2019-02-01,2375,864,662,482,264,4905,2185,90,128,885,940,833,133,968,48,174,327,557,233,194,2847,873,2896,337,248,606,182,902,654,3083,307,121,404,2003,336,271,1415,161,262,355,260,1503,206,2107,2393,464,232,207,178,787,1269,1399,1786,750,677,284,349,618,550,264,996,1074,526,159,617,1021,479,629,71,317,1876,216,365,406,365,149,396,15079,3455,4589,1061
2019-03-01,2598,932,774,482,281,5480,2322,107,127,1067,1246,935,156,1100,94,194,420,659,272,220,3230,970,3401,405,352,647,207,1091,800,3491,359,142,478,2174,385,345,1581,189,288,451,318,1682,227,2381,2569,487,285,231,226,853,1421,1553,1951,831,843,328,423,728,654,318,1110,1366,655,193,647,1142,534,773,78,336,2559,249,413,440,439,164,522,16470,3871,4938,1129
2019-04-01,2452,916,856,501,294,5598,2360,95,126,932,1008,1015,165,1042,89,207,408,655,304,205,3161,992,2911,402,288,629,238,1065,728,3310,305,150,478,2122,383,272,1544,182,292,393,282,1582,210,2191,2748,509,286,236,255,874,1398,1538,1837,724,806,321,428,631,584,317,1085,1198,560,167,727,1003,561,712,90,320,2144,274,418,434,444,210,514,16084,3759,4636,1040
2019-05-01,2711,1072,933,624,305,6259,2538,131,140,1071,1315,1017,184,1138,112,237,521,830,276,226,3384,1100,3360,476,287,715,277,1231,878,3779,408,153,536,2408,443,324,1737,225,316,492,320,1836,245,2525,3051,510,298,312,273,942,1550,1751,2003,905,1003,377,451,807,665,335,1132,1494,689,177,767,1230,585,903,110,417,2692,266,481,499,461,178,569,17690,4192,5315,1177
2019-06-01,2539,1071,849,513,304,5951,2364,112,156,1019,1198,959,158,1213,73,210,482,752,279,205,3353,959,3175,393,315,690,238,1195,788,3589,347,139,510,2221,401,316,1587,224,281,458,278,1703,229,2282,2746,466,281,268,265,931,1406,1579,1918,831,981,286,462,661,598,321,1093,1297,655,172,705,1143,569,797,78,336,2429,289,491,465,415,188,510,16786,3926,4673,1082
2019-07-01,3113,1106,974,631,356,6641,2900,141,169,1274,1316,1178,176,1242,100,265,513,792,316,285,3832,1089,3650,486,330,821,306,1312,867,3870,424,181,526,2585,444,368,1725,211,306,498,339,1842,264,2836,3119,558,313,284,274,983,1697,1814,2281,993,1067,316,462,784,825,364,1425,1465,712,206,769,1387,608,956,107,369,2535,285,539,528,491,229,559,19790,4668,5256,1222
2019-08-01,3082,1090,862,531,308,6233,2920,104,203,1193,1265,1118,189,1232,97,232,506,788,287,237,3824,1136,3704,472,319,747,253,1098,809,3963,380,164,507,2599,449,379,1623,196,300,475,335,1743,254,2676,2915,509,338,268,235,1009,1649,1888,2263,916,955,356,459,795,799,411,1305,1458,683,207,714,1269,585,889,90,342,2390,253,442,488,464,200,567,19293,4519,5353,1237
2019-09-01,2839,974,749,568,289,5584,2636,121,156,1076,1153,1058,140,1138,70,222,473,670,281,233,3359,993,3501,432,307,665,229,1079,735,3396,386,134,406,2450,382,344,1553,201,276,377,298,1561,218,2553,2664,463,309,288,238,835,1487,1817,2178,900,864,295,446,721,740,357,1166,1331,630,193,657,1170,556,781,84,347,2161,270,397,494,485,200,489,17639,3947,5179,1186
2019-10-01,2933,976,809,516,259,5517,2603,111,180,1053,1170,936,160,1083,97,215,477,645,256,236,3284,1006,3462,386,316,632,241,992,743,3408,376,159,417,2280,381,337,1541,188,258,409,294,1549,243,2423,2671,442,282,259,256,867,1468,1744,2118,825,784,292,390,618,730,310,1142,1334,626,186,616,1137,542,797,77,300,2311,255,402,467,461,204,469,17097,3986,5407,1107
2019-11-01,2931,932,737,444,285,5252,2504,82,132,959,955,897,120,1016,86,176,451,560,251,177,3033,932,3293,430,278,570,222,976,697,3271,331,111,376,2245,375,344,1443,177,270,402,268,1415,220,2168,2446,421,255,231,193,786,1358,1686,2048,865,769,259,389,627,716,313,1042,1148,638,189,601,1087,544,735,80,289,1959,229,358,398,361,178,422,16826,3711,5103,1095
2019-12-01,2686,921,751,475,261,5196,2556,102,140,1039,931,920,128,1033,95,194,344,615,243,208,3138,902,3170,397,281,597,199,984,738,3358,320,109,361,2185,376,308,1487,190,269,385,272,1453,234,2322,2486,413,272,241,202,815,1347,1632,2058,848,768,270,422,617,663,296,1100,1182,638,161,587,1121,520,777,72,300,1902,252,367,429,400,183,413,16659,3782,5215,1102
2020-01-01,2833,934,773,498,255,5380,2594,108,146,1038,877,932,145,1038,80,218,398,536,255,225,3246,1055,3125,386,346,664,230,935,713,3391,336,143,372,2229,377,302,1521,172,277,371,276,1482,252,2349,2451,483,280,238,214,805,1419,1641,2096,901,703,310,355,666,711,317,1165,1261,681,169,588,1172,499,760,83,316,1945,254,371,460,396,189,426,16948,3995,4979,1090
2020-02-01,2270,801,695,453,266,4631,2252,82,109,850,942,863,147,964,67,148,329,554,236,192,2762,864,2805,370,241,536,185,912,717,3029,278,111,366,1913,339,261,1344,161,257,328,226,1400,193,2104,2321,457,231,207,201,744,1351,1348,1746,757,681,261,341,657,580,247,1040,1067,515,160,557,947,452,688,71,286,1930,200,359,369,390,141,410,14595,3326,4477,992
2020-03-01,2358,862,790,481,254,5196,2354,98,144,930,970,923,163,961,65,207,381,631,264,192,3038,930,2920,385,265,591,225,978,702,3246,330,132,404,1986,355,270,1462,162,264,396,239,1500,205,2249,2520,466,264,237,221,804,1316,1497,1763,831,755,315,381,624,625,258,1062,1139,583,161,589,1146,485,696,70,323,2092,242,416,419,419,174,458,15573,3505,4825,1027
2020-04-01,2270,864,845,537,268,5204,2304,114,133,900,999,903,130,926,96,214,400,613,263,213,3058,938,2861,370,281,572,241,985,709,3218,322,137,459,2028,408,289,1488,178,257,354,310,1568,242,2182,2570,455,264,226,217,796,1280,1474,1651,796,742,303,373,643,584,295,973,1181,628,175,684,1008,517,675,72,312,2108,239,402,425,413,162,469,14803,3406,4663,1148
2020-05-01,2228,940,865,539,282,5566,2320,96,163,961,1241,962,164,1054,88,182,478,699,274,213,3063,933,2988,382,304,667,232,1075,801,3343,348,140,468,2120,391,272,1485,189,264,433,285,1623,237,2196,2679,463,254,243,243,845,1343,1513,1756,806,914,341,466,630,518,304,1078,1232,627,188,657,1082,548,753,69,379,2477,244,432,415,424,199,468,15716,3701,4751,1077
2020-06-01,2503,1056,832,598,289,5848,2462,105,159,1123,1110,1050,146,1161,90,224,495,758,268,233,3585,1062,3144,412,323,703,247,1132,795,3505,329,134,497,2226,438,347,1607,212,316,431,294,1660,214,2380,2848,530,306,276,234,880,1541,1591,1946,846,913,329,403,698,595,302,1218,1330,673,191,739,1189,572,776,99,341,2304,244,473,454,441,233,512,17079,3973,4710,1178
2020-07-01,2874,1031,827,596,317,6228,2749,112,159,1124,1203,1115,175,1221,114,202,481,766,296,228,3744,1161,3321,417,349,705,249,1124,853,3891,405,164,538,2424,423,296,1715,213,299,454,362,1748,254,2639,3045,534,364,278,230,889,1652,1763,2287,902,926,337,444,708,734,347,1253,1327,684,183,782,1348,559,821,97,371,2281,273,426,492,462,215,534,18353,4306,5249,1263
2020-08-01,2940,1022,834,521,267,5796,2612,92,185,1042,1123,1090,160,1216,100,194,455,706,271,224,3450,1028,3315,442,312,712,211,1110,773,3634,350,136,476,2447,390,320,1594,217,291,454,294,1548,235,2353,2851,511,275,240,248,875,1522,1633,2191,913,860,318,412,667,721,362,1116,1319,739,217,679,1137,523,786,73,351,2166,284,490,468,422,171,509,17403,4064,5068,1239
2020-09-01,2855,924,726,506,293,5345,2597,103,156,1067,1047,1003,165,1172,96,226,401,697,239,197,3333,946,3385,401,322,643,206,989,701,3445,348,158,410,2373,373,359,1539,208,298,390,329,1473,221,2312,2568,455,306,215,207,801,1473,1690,2120,883,745,300,415,712,654,318,1092,1293,649,170,602,1159,495,789,79,289,1967,222,389,396,411,164,463,16723,3817,5072,1226
2020-10-01,2661,939,739,514,275,5372,2569,92,161,1038,1003,895,159,1128,78,193,379,641,246,215,3133,887,3269,441,336,594,215,1013,743,3412,376,129,383,2249,357,289,1476,161,272,393,256,1413,211,2191,2568,448,292,237,222,794,1365,1653,2106,815,746,289,352,630,713,318,1029,1172,620,181,616,1049,476,804,78,299,1931,218,387,423,430,159,440,16339,3717,5141,1152
2020-11-01,2606,806,687,471,213,4918,2350,92,124,901,916,894,134,1098,71,171,398,526,222,187,2908,848,2933,416,264,590,214,906,667,3182,306,133,372,2026,316,286,1423,169,276,355,271,1325,216,2081,2397,422,263,201,199,772,1322,1605,2017,796,680,281,374,561,667,315,1004,1081,595,162,552,1005,452,695,82,274,1745,236,367,356,381,160,409,15390,3516,5145,1064
2020-12-01,2494,877,667,445,230,4297,2358,95,117,913,941,814,124,1013,73,162,386,565,223,173,2861,801,2934,350,267,617,183,893,623,3048,299,100,372,2006,305,290,1351,144,233,372,210,1342,218,1958,2321,405,246,201,169,695,1319,1580,1869,763,732,265,347,528,586,301,983,1081,644,129,541,977,457,649,57,255,1699,209,344,360,337,155,375,13748,3338,5412,1096
2021-01-01,2363,818,668,453,212,4253,2132,87,94,896,930,798,137,1042,69,155,333,547,222,153,2754,806,2768,321,280,540,176,875,608,3101,251,108,355,2062,286,274,1280,144,233,349,262,1275,209,1907,2187,385,226,206,169,655,1251,1478,1726,707,698,294,355,563,579,288,1020,984,597,134,495,990,439,613,69,282,1813,230,346,357,306,152,376,13101,3230,5051,1083
2021-02-01,2108,822,627,411,242,3997,2043,72,113,848,929,744,129,894,76,176,343,564,205,189,2636,796,2716,343,276,516,195,775,643,2790,271,106,351,1906,321,226,1219,164,226,329,240,1216,182,1830,2164,357,195,198,162,699,1116,1394,1644,692,691,259,324,540,509,279,893,968,518,131,510,938,417,602,59,250,1850,215,330,319,333,149,377,13200,3101,4571,1010
2021-03-01,2366,925,698,502,248,4756,2278,111,118,903,914,894,141,1041,96,166,359,615,255,184,2824,946,2857,372,298,589,235,988,706,3137,309,136,401,2060,363,278,1337,180,246,354,275,1436,191,2064,2483,438,262,198,217,775,1326,1527,1834,826,750,253,308,550,593,276,1020,1081,599,168,609,1040,482,698,81,289,1821,255,388,413,423,171,459,14386,3325,4870,1142
2021-04-01,2008,844,720,484,273,4769,2095,91,141,902,974,934,139,982,72,161,343,641,217,182,2671,815,2672,347,260,527,229,948,705,3040,283,111,378,1912,347,238,1416,179,234,371,269,1403,208,1989,2376,404,243,214,214,747,1232,1405,1617,700,695,287,357,594,550,265,1005,1122,564,150,587,991,480,660,73,297,1961,223,372,378,353,170,439,13975,3204,4611,1035
2021-05-01,2177,871,800,557,283,5160,2210,111,114,966,1000,934,141,1047,78,188,410,694,251,198,3165,951,2859,359,285,577,238,1058,712,3320,332,126,445,1970,407,288,1442,200,297,369,283,1453,205,2184,2577,422,276,223,226,747,1276,1499,1641,771,824,305,390,607,518,292,1048,1183,565,191,648,1096,478,717,70,289,1930,271,383,398,394,190,440,14839,3681,4638,1061
2021-06-01,2316,963,819,567,288,5457,2350,117,146,1034,1065,954,156,1162,107,211,401,655,284,238,3192,964,3150,392,337,624,275,1026,756,3645,338,158,466,2133,428,298,1486,201,250,423,313,1553,220,2387,2784,493,282,231,220,836,1479,1623,1844,795,861,328,408,607,588,322,1151,1222,635,187,679,1156,506,774,85,307,1991,227,422,423,418,208,484,15834,3879,4869,1155
2021-07-01,2643,1001,850,540,314,5488,2686,118,139,1064,1109,1078,121,1226,101,238,441,732,292,232,3373,997,3369,402,289,680,236,1107,837,3776,389,124,475,2313,399,345,1504,208,288,410,278,1602,247,2426,2843,464,303,263,209,901,1537,1781,2180,899,910,328,420,654,682,332,1250,1262,674,165,661,1218,541,825,79,323,2090,255,407,411,466,180,488,16626,4030,5261,1234
2021-08-01,2848,1040,844,530,280,5865,2682,103,124,1075,1136,1010,142,1262,84,219,451,757,294,203,3460,980,3545,417,315,654,235,1075,781,3913,331,134,448,2336,369,323,1631,184,282,400,267,1695,264,2461,2902,468,278,227,235,867,1562,1816,2153,971,892,287,426,643,679,358,1227,1199,662,170,647,1142,551,822,80,310,2045,260,403,449,411,227,420,16686,3966,5615,1339
2021-09-01,2845,980,756,500,253,5420,2621,106,143,1020,999,926,135,1202,75,196,430,690,254,226,3160,941,3466,368,299,620,256,1038,768,3757,376,128,428,2360,355,347,1528,208,280,378,282,1592,263,2538,2780,428,259,243,220,832,1512,1839,2182,898,760,355,427,601,713,323,1158,1281,620,168,612,1095,503,785,76,321,1970,249,401,410,436,158,450,16439,3926,5608,1237
2021-10-01,2780,946,708,544,250,5276,2527,106,119,993,942,878,136,1156,77,194,414,605,247,204,3244,917,3451,389,297,623,216,959,775,3439,320,120,378,2201,359,299,1444,213,255,357,263,1500,243,2327,2522,410,271,206,183,817,1398,1716,2070,802,786,293,402,601,697,308,1121,1225,614,149,584,1114,454,750,80,326,1928,235,355,400,390,188,437,15485,3772,5788,1215
2021-11-01,2762,912,741,467,259,5015,2469,80,138,980,853,912,144,1100,77,191,400,583,274,202,3167,989,3154,406,275,540,243,846,753,3713,342,110,399,2168,389,271,1403,193,256,351,271,1407,259,2311,2565,445,250,240,193,858,1363,1730,2182,770,663,305,357,597,654,285,1151,1217,637,179,585,1070,468,738,75,302,1768,270,346,424,404,186,448,15652,3588,5852,1154
2021-12-01,2754,893,690,447,241,4722,2447,115,147,972,766,805,122,1091,79,197,359,556,262,226,2954,912,3216,347,299,511,233,841,693,3334,280,112,367,2100,365,311,1367,188,264,310,258,1364,219,2122,2426,423,250,204,191,764,1340,1698,1958,812,642,281,327,564,580,264,1021,1036,560,161,532,1069,451,708,59,284,1508,236,377,369,360,174,399,14784,3635,5476,1178
2022-01-01,2621,925,715,509,251,4763,2327,94,126,949,804,872,124,1103,66,179,347,575,222,221,2875,987,3106,367,263,505,212,853,669,3369,280,118,399,2158,363,265,1405,138,241,287,261,1377,232,2177,2484,369,232,186,201,720,1378,1598,1915,742,704,289,347,557,627,268,1029,1063,583,155,561,1006,460,699,69,292,1848,238,353,352,372,161,374,14441,3509,5422,1100
2022-02-01,2332,764,659,462,202,4365,2126,70,129,842,847,771,121,884,59,171,312,537,223,173,2718,817,2704,312,237,482,184,806,639,3058,322,103,356,1839,332,232,1243,149,221,314,227,1295,196,1996,2319,369,227,219,182,678,1159,1535,1713,719,594,273,323,545,549,232,917,1013,490,141,536,971,436,650,65,285,1732,247,362,349,326,160,384,13151,3195,4719,938
2022-03-01,2299,895,755,476,272,4770,2156,106,125,924,820,871,142,1039,70,200,325,615,252,203,2763,845,2811,375,313,538,228,898,709,3395,312,122,410,1952,354,274,1328,188,240,384,283,1401,228,2097,2454,421,257,200,204,748,1294,1569,1807,750,700,322,355,624,620,301,1030,1073,551,154,569,1038,457,681,59,329,1855,220,350,357,383,172,426,14034,3370,4924,1113
2022-04-01,2102,794,784,495,245,4771,2032,86,128,791,960,866,121,938,83,190,339,619,221,191,2712,847,2668,396,291,499,198,861,683,3044,309,122,438,1823,387,222,1327,154,266,388,242,1460,212,1967,2457,393,270,200,201,781,1215,1351,1627,710,704,268,406,561,535,241,964,1074,526,142,596,1003,470,641,71,318,2076,235,403,336,354,155,378,13150,3199,4539,1058
2022-05-01,2140,828,733,514,257,4811,2021,85,114,927,951,894,143,936,80,193,379,622,239,223,2751,866,2635,325,329,580,209,968,698,3209,311,148,413,1800,397,248,1324,185,284,357,257,1481,210,2018,2540,383,259,209,213,755,1293,1363,1636,750,735,283,390,549,520,239,989,1078,489,150,591,995,477,606,79,299,1969,224,383,323,381,162,443,13169,3421,4263,1042
2022-06-01,2469,941,807,524,273,5179,2388,93,138,1076,1007,1082,147,1092,98,186,393,701,301,251,3099,990,3116,402,385,617,215,940,807,3641,304,130,502,2084,386,260,1563,215,257,365,332,1512,236,2310,2785,500,313,244,211,827,1418,1494,1943,813,789,327,381,647,637,273,1054,1127,600,175,654,1168,517,710,75,366,1955,256,379,424,452,171,456,15460,3832,4543,1093
2022-07-01,2735,949,810,586,276,5477,2493,105,137,1107,964,1086,141,1158,102,220,437,680,263,220,3321,980,3309,401,332,644,263,1084,793,3788,349,132,413,2252,381,317,1522,200,306,387,334,1525,237,2362,2831,499,294,256,230,856,1542,1681,2157,912,839,313,427,663,689,345,1185,1246,645,170,621,1244,508,723,69,352,2124,261,387,431,443,193,438,15870,3895,5067,1113
2022-08-01,2897,978,781,558,277,5414,2533,97,127,1068,954,1006,154,1165,82,202,381,637,284,216,3247,1013,3292,422,345,593,204,963,729,3640,334,126,447,2343,430,328,1518,182,258,382,303,1610,241,2428,2800,452,297,236,219,840,1510,1649,2207,853,753,321,388,673,763,297,1174,1299,619,168,600,1204,570,761,90,292,1940,266,409,425,419,186,417,15933,3922,5182,1238
2022-09-01,2589,877,681,515,251,4869,2382,93,145,962,878,937,143,1099,72,187,338,615,270,218,3013,980,3276,380,287,561,193,866,757,3380,322,108,435,2127,314,268,1386,181,277,329,272,1370,227,2170,2493,428,287,209,207,817,1422,1645,2027,778,646,290,389,609,664,247,1000,1133,621,159,505,1055,449,713,51,335,1764,258,364,378,400,160,417,14463,3705,5224,1185
2022-10-01,2499,821,658,464,222,4656,2214,86,101,884,815,797,153,1015,55,186,357,546,235,182,2795,852,3039,358,229,556,207,810,690,3256,322,114,347,1992,304,263,1328,186,249,323,284,1335,246,2028,2305,401,239,191,182,737,1287,1526,1867,789,646,253,345,579,668,302,1043,1087,572,163,514,1016,446,657,60,254,1711,192,343,344,360,158,387,13657,3244,5195,1108
2022-11-01,2550,842,622,420,243,4489,2276,75,113,915,762,865,130,981,65,178,327,530,233,196,2775,861,2792,372,266,514,167,771,651,3033,303,109,349,2003,321,232,1288,161,227,275,231,1361,210,2047,2353,375,229,188,178,710,1285,1566,1869,723,583,274,360,548,677,250,953,1063,553,154,497,1015,404,665,73,255,1541,215,317,347,361,149,389,13919,3253,5078,1043
2022-12-01,2430,772,651,421,221,4419,2208,79,139,883,690,839,135,1038,64,157,298,492,216,175,2770,817,2746,304,268,518,201,748,591,3032,286,92,314,1963,303,263,1324,158,219,294,235,1257,213,1974,2188,391,252,179,172,692,1219,1461,1832,717,575,272,349,531,638,285,905,990,500,137,446,993,413,583,67,262,1434,232,329,306,342,138,358,13651,3319,5057,1117
2023-01-01,2464,897,696,441,223,4568,2226,85,131,907,777,929,131,1038,76,187,363,542,251,196,2795,824,3014,384,279,540,188,812,727,3158,294,95,358,2047,353,262,1312,169,233,297,234,1365,209,2110,2414,410,246,193,197,722,1300,1503,2003,785,612,256,354,602,662,251,1024,1109,536,148,529,1053,474,709,67,330,1636,244,332,327,384,166,383,13775,3326,5092,1113
2023-02-01,2026,671,599,415,200,4054,1901,73,85,784,572,795,110,814,69,181,265,452,182,173,2489,784,2389,307,268,433,196,746,562,2599,281,99,318,1754,303,237,1095,136,237,268,220,1172,188,1856,2047,356,210,198,171,668,1102,1286,1557,673,498,231,326,508,518,233,923,967,448,124,449,966,431,597,55,259,1328,189,325,293,364,119,313,12070,2953,4213,910
2023-03-01,2151,720,700,460,247,4399,1977,71,114,846,754,853,123,909,77,160,310,540,224,228,2692,887,2610,358,225,492,179,727,647,2831,295,96,414,1679,335,215,1179,144,229,339,245,1246,224,1940,2332,395,270,198,183,643,1266,1360,1607,730,595,239,326,533,542,242,953,1058,456,138,501,982,439,583,67,290,1704,237,339,331,379,157,370,12625,3081,4603,1034
2023-04-01,1889,616,662,420,228,4370,1825,65,109,797,823,778,123,925,75,175,294,477,192,196,2560,735,2375,330,242,495,167,818,652,2607,242,98,383,1468,320,197,1107,147,225,281,232,1263,196,1799,2190,362,238,187,186,595,1176,1278,1497,657,635,267,383,482,490,253,956,956,410,135,507,868,416,553,52,254,1699,205,367,304,321,157,343,11786,2951,4178,928
2023-05-01,1993,744,704,498,251,4596,2047,110,109,846,776,888,104,928,71,178,323,610,240,206,2681,931,2492,338,300,540,211,883,697,2923,309,106,397,1611,339,231,1163,147,260,311,240,1343,210,1996,2409,381,260,198,197,608,1280,1324,1642,704,637,274,369,536,501,249,932,1062,513,134,568,1049,459,657,66,295,1728,259,343,348,376,172,388,12611,3119,4009,947
2023-06-01,2205,762,700,509,247,4795,2135,83,120,920,811,864,114,983,71,184,351,554,227,233,2798,876,2708,348,282,573,207,877,674,3063,322,131,428,1681,367,253,1274,153,235,293,272,1307,219,1931,2482,352,260,198,190,637,1327,1428,1600,721,648,283,391,574,570,252,993,999,506,148,555,1052,441,590,67,332,1684,241,321,332,410,160,368,13057,3380,4102,1031
2023-07-01,2470,824,801,519,280,5158,2326,83,134,1002,867,1001,127,1144,87,194,366,638,233,192,3174,1009,3028,373,318,568,235,934,688,3489,340,119,440,1889,419,248,1407,191,275,349,276,1523,261,2315,2713,448,288,224,194,764,1432,1558,1905,857,689,333,389,584,639,319,1102,1177,587,160,579,1187,479,713,77,321,1911,245,339,400,459,184,422,14623,3615,4869,1219
2023-08-01,2701,857,760,475,251,4767,2466,87,127,1050,847,981,128,1024,83,185,340,561,276,224,3005,991,3121,357,328,605,229,907,711,3424,321,102,408,1905,379,281,1309,179,282,337,287,1434,243,2226,2578,429,302,218,203,701,1493,1601,2043,815,690,300,381,552,693,337,1125,1149,613,158,583,1150,479,720,68,329,1712,221,357,454,439,174,409,14358,3537,4817,1165
2023-09-01,2503,725,679,460,229,4469,2212,79,122,908,720,862,122,1011,62,225,361,556,257,219,2857,873,2885,350,249,554,197,793,616,3135,315,117,391,1836,316,248,1229,155,245,295,252,1330,218,2127,2298,390,247,184,168,713,1352,1462,1870,782,589,251,378,591,656,293,1072,1004,575,149,490,1046,472,676,68,289,1593,237,354,329,363,157,400,13465,3368,4794,1028
2023-10-01,2171,616,646,416,266,4408,2220,61,128,955,720,842,143,932,59,187,313,527,222,196,2675,834,2625,341,299,478,206,788,645,2424,296,107,346,1393,320,215,1030,171,228,277,247,1105,162,2010,2248,373,255,171,173,514,1295,1403,1725,707,559,277,304,567,524,301,952,1061,524,144,498,1033,422,667,63,278,1523,233,312,351,394,135,350,13093,3187,4412,1079
2023-11-01,2207,504,631,430,215,4555,2315,73,122,885,686,851,142,930,61,177,296,543,245,221,2700,822,2614,339,304,429,190,750,598,2601,315,103,339,1335,337,235,946,154,205,292,257,1139,145,2044,2346,383,254,203,181,413,1267,1372,1724,790,531,243,318,544,573,257,1072,1036,496,164,485,1012,452,669,64,246,1408,217,337,325,412,154,335,12889,3244,4534,994
2023-12-01,2188,656,558,428,194,4125,2118,73,109,807,678,792,112,924,56,182,284,443,205,174,2514,758,2658,368,250,505,192,715,589,2898,283,104,326,1458,285,235,1019,181,212,293,246,1155,199,1968,2176,356,211,185,158,504,1170,1399,1699,708,518,261,280,546,535,266,1031,971,479,140,529,908,387,625,70,216,1388,213,275,304,354,137,334,12356,2980,4829,985
